{"cameraMode":{"drawMode":0,"name":"Shaded","section":"Shading Mode"},"sceneLighting":true,"audioPlay":false,"sceneViewState":{"showFog":true,"showMaterialUpdate":false,"showSkybox":true,"showFlares":true,"showImageEffects":true,"showParticleSystems":true},"in2DMode":false,"pivot":{"x":-1.6810522079467774,"y":0.5723519325256348,"z":1.2803783416748047},"rotation":{"x":-0.1988610476255417,"y":0.7575360536575317,"z":-0.2686588168144226,"w":-0.5607276558876038},"size":4.807394981384277,"orthographic":false}